"Pass []","re(Mode(1)) [g]"
1,3.13186879085536
2,4.75441794152941
3,5.83504259829844
4,6.04429927756194
5,6.16299657302476
6,6.2259121763241
